platform,case,rows,columns,elements,trials,median_ns,mean_trial_median_ns,trial_stdev_ns,min_trial_median_ns,max_trial_median_ns,median_sample_stdev_ns,median_sample_mad_ns,median_sample_cv_percent,max_sample_cv_percent,trial_cv_percent,median_us,median_ms
9950x-ubuntu-clang,contiguous_view_iteration,64,64,4096,5,11732.0,11721.0,41.29164564412522,11652.0,11752.0,67.43735112332492,10.0,0.5747596220902923,4.480339649095734,0.35228773691771365,11.732,0.011732
9950x-ubuntu-clang,contiguous_view_iteration,256,256,65536,5,183602.0,183621.0,165.2917874547921,183466.5,183882.5,1230.7884881038576,531.0,0.6688161333479351,1.1420766424249524,0.09001791050848873,183.602,0.183602
9950x-ubuntu-clang,contiguous_view_iteration,1024,1024,1048576,5,3000265.0,2992755.7,20372.439015738877,2961497.0,3012909.0,9437.859720642738,5991.5,0.3145433551682837,0.4039515484760938,0.6807250927878569,3000.265,3.000265
9950x-ubuntu-clang,contiguous_view_materialize,64,64,4096,5,11872.0,11846.2,50.52919947911299,11782.0,11893.0,271.73342954942785,10.0,2.276323862936657,5.4915669177240405,0.4265435285501932,11.872,0.011872
9950x-ubuntu-clang,contiguous_view_materialize,256,256,65536,5,189523.5,189438.0,270.97555240279695,189082.5,189788.5,30118.269240459624,95.0,15.420024882581753,25.662258075385758,0.14304181442096991,189.5235,0.1895235
9950x-ubuntu-clang,contiguous_view_materialize,1024,1024,1048576,5,3112742.5,3112631.2,1488.2209009417486,3110813.5,3114866.5,7993.724345550893,3747.5,0.25711386105686374,0.270062457175887,0.047812310720966505,3112.7425,3.1127425
9950x-ubuntu-clang,owning_axis0_sum,64,64,4096,5,19497.0,19520.1,339.7678251394618,19131.5,20003.0,1019.5318005069278,160.0,5.2950697946175715,37.371441395261805,1.7406049412629128,19.497,0.019497
9950x-ubuntu-clang,owning_axis0_sum,256,256,65536,5,223156.5,223350.1,567.1147811510455,222666.0,223938.5,1807.2547904352116,882.0,0.8095953267962068,20.61835158676277,0.2539129291417579,223.1565,0.2231565
9950x-ubuntu-clang,owning_axis0_sum,1024,1024,1048576,5,3602032.5,3662591.6,200478.81568584748,3511220.5,4001371.0,10018.241320751678,4969.5,0.2762700396329011,1.0382287738278408,5.473687420837406,3602.0325,3.6020325
9950x-ubuntu-clang,owning_axis1_sum,64,64,4096,5,19512.0,19338.7,313.3000957548531,18891.0,19637.5,381.81712739937456,155.0,1.9572074977439025,11.392822500955806,1.6200680281241917,19.512,0.019512
9950x-ubuntu-clang,owning_axis1_sum,256,256,65536,5,223532.5,223046.5,1119.5841303805623,221539.0,224323.5,1517.7201328415767,676.5,0.6758727593187339,1.022419767257133,0.5019509969358688,223.5325,0.2235325
9950x-ubuntu-clang,owning_axis1_sum,1024,1024,1048576,5,3358602.0,3358530.8,3780.354044266219,3352656.0,3362429.0,16752.901765353723,4493.0,0.49884866213035767,0.8259029699658851,0.11255975512465806,3358.602,3.358602
9950x-ubuntu-clang,owning_iteration,64,64,4096,5,1914.0,1915.6,7.893034904268477,1904.0,1923.0,5.4346206896908935,1.0,0.283398552907757,13.026819999604278,0.41203982586492366,1.914,0.001914
9950x-ubuntu-clang,owning_iteration,256,256,65536,5,30537.0,30517.5,31.10868046060456,30467.0,30538.0,305.7285150226573,9.0,0.9996825479052679,1.4119489771685838,0.10193718509250287,30.537,0.030537
9950x-ubuntu-clang,owning_iteration,1024,1024,1048576,5,489941.0,489932.7,527.5821736942976,489154.0,490491.5,1071.318104972009,1002.0,0.2183112246207065,0.6889964901246739,0.10768462151930205,489.941,0.489941
9950x-ubuntu-clang,owning_row_broadcast_add,64,64,4096,5,24036.0,24356.4,455.14906898729333,24020.5,24942.5,666.9221109251187,14.5,2.680318102599925,2.868123871498485,1.8687041967913702,24.036,0.024036
9950x-ubuntu-clang,owning_row_broadcast_add,256,256,65536,5,383965.5,386908.3,6623.28299070785,383790.5,398753.5,1475.9060331794535,220.5,0.3835379483975184,6.36146596143116,1.711848257250581,383.9655,0.3839655
9950x-ubuntu-clang,owning_row_broadcast_add,1024,1024,1048576,5,6661704.5,6596987.1,153193.66579978113,6323059.5,6671853.5,57363.865934405156,4298.5,0.8603217071750873,2.7472712679668634,2.322176221926842,6661.7045,6.6617045
9950x-ubuntu-clang,owning_scalar_add,64,64,4096,5,602.0,607.2,8.786353054595512,601.0,621.0,28.607234706469278,0.5,4.662499952159411,31.526909948041563,1.4470278416659275,0.602,0.000602
9950x-ubuntu-clang,owning_scalar_add,256,256,65536,5,9638.0,9576.1,151.22227018531362,9312.5,9693.5,586.6612080760278,55.5,5.904471552353972,45.684549413414764,1.5791634400780445,9.638,0.009638
9950x-ubuntu-clang,owning_scalar_add,1024,1024,1048576,5,205813.5,210573.9,16979.297620190297,193896.5,239142.0,23785.883632936402,4338.5,10.418850543182112,44.33829737091311,8.063343852296176,205.8135,0.2058135
9950x-ubuntu-clang,owning_to_tensor_copy,64,64,4096,5,381.0,391.0,19.039432764659775,371.0,416.0,10.262752147092565,9.0,2.6634361432296703,8.679432196941766,4.869420144414264,0.381,0.000381
9950x-ubuntu-clang,owning_to_tensor_copy,256,256,65536,5,8406.0,8293.5,323.6676536201911,7724.0,8501.0,250.5969599307434,60.5,2.9691653289550852,51.091498078401706,3.9026665897412562,8.406,0.008406
9950x-ubuntu-clang,owning_to_tensor_copy,1024,1024,1048576,5,194102.0,199412.0,12483.869447210669,192454.0,221679.0,10424.623034617489,2189.0,5.23744812584392,8.102034379972201,6.260340123568627,194.102,0.194102
9950x-ubuntu-clang,strided_view_axis1_sum,64,64,4096,5,30643.0,30607.9,312.02251521324575,30192.0,31034.0,447.972541068111,160.0,1.4430487209169558,1.6244300928175945,1.0194182391253426,30.643,0.030643
9950x-ubuntu-clang,strided_view_axis1_sum,256,256,65536,5,400842.5,400997.9,1023.4456140899746,399785.5,402250.0,1348.0367010385655,1187.5,0.3346693844586067,9.122084704335196,0.2552246817477036,400.8425,0.4008425
9950x-ubuntu-clang,strided_view_axis1_sum,1024,1024,1048576,5,6147667.5,6145586.6,13008.427822953865,6131252.0,6162761.0,15193.243437375277,6036.0,0.24770934219511212,0.29514663566953225,0.21167105224672722,6147.6675,6.1476675
9950x-ubuntu-clang,strided_view_iteration,64,64,4096,5,12394.0,12361.4,53.91938426948147,12293.0,12404.0,304.35953564620826,9.0,2.4411764734122485,2.968435972618297,0.43619156624234695,12.394,0.012394
9950x-ubuntu-clang,strided_view_iteration,256,256,65536,5,198310.0,198303.8,107.18360415660914,198139.5,198430.0,1008.0601142181705,45.0,0.507349390496408,0.9090967839614859,0.05405020184011055,198.31,0.19831
9950x-ubuntu-clang,strided_view_iteration,1024,1024,1048576,5,3302501.0,3302420.9,5008.756761912068,3297862.0,3310081.0,17296.040045735135,1252.5,0.5240144532442078,0.6360472147524993,0.15166924246125224,3302.501,3.302501
9950x-ubuntu-clang,strided_view_materialize,64,64,4096,5,11872.0,11848.4,52.766466624173404,11782.0,11903.0,236.41169555654045,10.0,1.9791686526290535,41.04386123249309,0.4453467693880474,11.872,0.011872
9950x-ubuntu-clang,strided_view_materialize,256,256,65536,5,189874.0,189707.5,317.18803571383495,189212.0,189984.0,1105.251722367316,270.5,0.5808669134765939,24.442843852884742,0.16719846907151006,189.874,0.189874
9950x-ubuntu-clang,strided_view_materialize,1024,1024,1048576,5,3116494.0,3117362.1,3411.221141321686,3113834.5,3123052.0,8357.00814809624,5305.0,0.2682184947546611,0.4455474088081526,0.1094265289656818,3116.494,3.116494
9950x-ubuntu-gcc,contiguous_view_iteration,64,64,4096,5,13346.0,13330.6,42.76593270349671,13255.0,13356.0,219.33459762264073,5.5,1.6379572571989354,2.1228215178739833,0.32081026137980817,13.346,0.013346
9950x-ubuntu-gcc,contiguous_view_iteration,256,256,65536,5,213303.0,213059.5,714.3169814585118,211795.5,213483.0,1027.3412335753305,45.5,0.48010480920902976,20.304978065047408,0.3352664309540348,213.303,0.213303
9950x-ubuntu-gcc,contiguous_view_iteration,1024,1024,1048576,5,3442851.5,3442522.5,2769.597782169859,3438733.5,3446027.0,3287.526830805386,1317.5,0.09547044097532288,0.13050609163643048,0.0804525687826255,3442.8515,3.4428515
9950x-ubuntu-gcc,contiguous_view_materialize,64,64,4096,5,13506.0,13489.5,42.39988207530771,13415.0,13515.5,265.39417661205727,9.0,1.9585100873014123,2.2092861081371153,0.31431766985661225,13.506,0.013506
9950x-ubuntu-gcc,contiguous_view_materialize,256,256,65536,5,215557.0,215556.4,53.80450724613753,215492.5,215637.5,925.8226797209682,155.5,0.4287997216811391,15.867187607694735,0.0249607560926688,215.557,0.215557
9950x-ubuntu-gcc,contiguous_view_materialize,1024,1024,1048576,5,3497359.5,3499483.2,9284.870419128134,3486789.0,3511520.5,10439.712806844245,5244.5,0.29774072647291283,0.3770313140709821,0.2653211885437294,3497.3595,3.4973595
9950x-ubuntu-gcc,owning_axis0_sum,64,64,4096,5,18064.0,18046.0,54.94428996720213,17968.5,18114.5,336.5739758574477,40.0,1.8587175726863785,6.9475138873234075,0.3044679705596926,18.064,0.018064
9950x-ubuntu-gcc,owning_axis0_sum,256,256,65536,5,239633.0,239644.9,448.209967537537,239157.0,240208.5,1170.3164853655474,501.0,0.4868827997149499,1.030706224501818,0.1870308809148607,239.633,0.239633
9950x-ubuntu-gcc,owning_axis0_sum,1024,1024,1048576,5,3857595.0,3868435.5,43215.93201152784,3827047.5,3941879.5,7019.740199971936,3797.0,0.18214937428315434,0.603078333387179,1.117142369609829,3857.595,3.857595
9950x-ubuntu-gcc,owning_axis1_sum,64,64,4096,5,18054.5,18040.4,52.14570931534065,17964.0,18095.0,297.1668403782767,30.5,1.6383173087705882,1.9929792178516894,0.2890496292506854,18.0545,0.0180545
9950x-ubuntu-gcc,owning_axis1_sum,256,256,65536,5,237519.0,237473.7,367.451289288797,237078.0,237934.5,1284.3831420219608,360.5,0.5395272051560898,15.74366229250269,0.1547334670276317,237.519,0.237519
9950x-ubuntu-gcc,owning_axis1_sum,1024,1024,1048576,5,3684498.5,3685228.4,4381.980351393645,3678847.0,3690118.5,12021.315561067995,5335.0,0.3259225630559691,0.44742565486363667,0.11890661516104795,3684.4985,3.6844985
9950x-ubuntu-gcc,owning_iteration,64,64,4096,5,1914.0,1915.6,8.042076846188442,1904.0,1923.5,5.460208562959881,1.0,0.2845815124439657,0.31073946660089985,0.41982025716164345,1.914,0.001914
9950x-ubuntu-gcc,owning_iteration,256,256,65536,5,30478.0,30447.7,97.10921686431232,30277.0,30508.0,507.2977731197377,5.0,1.6564987513991571,6.5802131983595995,0.3189377748214555,30.478,0.030478
9950x-ubuntu-gcc,owning_iteration,1024,1024,1048576,5,489951.0,489944.8,286.70075863171553,489535.0,490276.5,1148.0627153458765,971.5,0.23420723942887003,0.27624649242463145,0.05851695101809746,489.951,0.489951
9950x-ubuntu-gcc,owning_row_broadcast_add,64,64,4096,5,27086.5,27111.4,109.61375369906827,26981.0,27226.5,514.3618550779049,20.0,1.8839451178904727,2.352672181899443,0.40430871773153826,27.0865,0.0270865
9950x-ubuntu-gcc,owning_row_broadcast_add,256,256,65536,5,433799.5,433951.0,909.295950172441,432928.0,434976.5,37100.35362580243,1277.0,8.436482245513307,11.727207510403955,0.20953885350476,433.7995,0.4337995
9950x-ubuntu-gcc,owning_row_broadcast_add,1024,1024,1048576,5,6997629.5,7001606.7,10977.4975780002,6991332.0,7019981.5,13313.725879723082,7945.0,0.1904500447776111,0.4967261500240458,0.15678540724088658,6997.6295,6.9976295
9950x-ubuntu-gcc,owning_scalar_add,64,64,4096,5,1202.0,1198.4,5.412947441089734,1192.0,1203.0,21.572138115104465,0.0,1.7850341841211803,28.925332781605288,0.45168119501750104,1.202,0.001202
9950x-ubuntu-gcc,owning_scalar_add,256,256,65536,5,18455.0,18439.0,34.351128074635334,18385.0,18465.0,506.01190798281436,20.0,2.7117320270674563,30.428654909417357,0.1862960468281107,18.455,0.018455
9950x-ubuntu-gcc,owning_scalar_add,1024,1024,1048576,5,329412.5,333159.5,6203.394262417954,327974.5,341134.5,48072.258614782506,2384.5,13.962171355391725,18.299414044556947,1.8619893061485426,329.4125,0.3294125
9950x-ubuntu-gcc,owning_to_tensor_copy,64,64,4096,5,381.0,399.0,29.49576240750525,371.0,431.0,53.89665469911006,10.0,13.18604851473065,17.629397546486654,7.392421656016353,0.381,0.000381
9950x-ubuntu-gcc,owning_to_tensor_copy,256,256,65536,5,8486.0,8286.5,475.76990236878163,7489.0,8641.0,364.5172983773562,55.0,4.260081695927067,9.97856686443898,5.741506092666163,8.486,0.008486
9950x-ubuntu-gcc,owning_to_tensor_copy,1024,1024,1048576,5,193059.5,194882.2,3961.1877732569064,192599.0,201871.5,7880.149908472554,1363.0,4.014985346332546,8.4977985432542,2.0326062479061227,193.0595,0.1930595
9950x-ubuntu-gcc,strided_view_axis1_sum,64,64,4096,5,30988.5,30978.6,246.88595545312063,30628.0,31219.0,1054.1716825671854,40.0,3.3819726026783985,33.879179638077986,0.7969564649568432,30.9885,0.0309885
9950x-ubuntu-gcc,strided_view_axis1_sum,256,256,65536,5,444770.0,444825.6,416.21304640772735,444460.0,445467.0,1737.2016936699654,876.5,0.3902185112971575,0.5421303335963024,0.09356769178926018,444.77,0.44477
9950x-ubuntu-gcc,strided_view_axis1_sum,1024,1024,1048576,5,6997954.5,6997413.5,5773.310239801845,6990555.5,7005153.0,14833.887039835925,4042.5,0.2122358483750819,1.6108805371930393,0.08250634666369001,6997.9545,6.9979545
9950x-ubuntu-gcc,strided_view_iteration,64,64,4096,5,13355.0,13337.1,40.92126586507296,13265.0,13365.0,302.4983514881713,9.5,2.256746414090017,3.642614110885263,0.306822816542374,13.355,0.013355
9950x-ubuntu-gcc,strided_view_iteration,256,256,65536,5,213288.0,213395.4,180.9441902908177,213238.0,213619.0,1664.6303320704508,85.0,0.7782464182992437,18.692956875678494,0.08479291975872848,213.288,0.213288
9950x-ubuntu-gcc,strided_view_iteration,1024,1024,1048576,5,3448888.0,3450244.3,7153.0554101027965,3442155.0,3461852.0,8502.765326621207,1783.5,0.24583110280300952,0.2687268289884617,0.20732025874523716,3448.888,3.448888
9950x-ubuntu-gcc,strided_view_materialize,64,64,4096,5,13506.0,13489.8,42.6286288777861,13415.0,13516.0,185.62507857484766,10.0,1.3705397290215968,1.7209196537879934,0.31600638169421413,13.506,0.013506
9950x-ubuntu-gcc,strided_view_materialize,256,256,65536,5,215763.0,215722.8,150.0256644711212,215532.0,215908.0,1054.2834396026565,155.0,0.4880151536582901,0.8315901491859474,0.06954557630028962,215.763,0.215763
9950x-ubuntu-gcc,strided_view_materialize,1024,1024,1048576,5,3499774.0,3502950.9,11102.572063490494,3492560.5,3515593.5,12108.472032289405,3461.5,0.3467587117349984,0.3942504555750206,0.31694912033995376,3499.774,3.499774
9950x-windows-clang,contiguous_view_iteration,64,64,4096,5,9700.0,9700.0,0.0,9700.0,9700.0,94.41549509633317,100.0,0.974159049693904,4.13147447560622,0.0,9.7,0.0097
9950x-windows-clang,contiguous_view_iteration,256,256,65536,5,153950.0,153980.0,225.27760652137619,153750.0,154300.0,1671.8668534037643,750.0,1.0845151425185617,16.668221640860967,0.14630316048926886,153.95,0.15395
9950x-windows-clang,contiguous_view_iteration,1024,1024,1048576,5,2606300.0,2608300.0,3610.9209351632385,2605250.0,2613050.0,12341.59864615833,8150.0,0.4733547547641292,3.234483028962132,0.13843963252552385,2606.3,2.6063
9950x-windows-clang,contiguous_view_materialize,64,64,4096,5,9000.0,9000.0,0.0,9000.0,9000.0,173.8988681001996,100.0,1.923234550986503,18.34411881348561,0.0,9.0,0.009
9950x-windows-clang,contiguous_view_materialize,256,256,65536,5,141100.0,140980.0,311.44823004794523,140600.0,141300.0,8128.823998084639,300.0,5.6854465071652855,6.685228136060524,0.2209166052262344,141.1,0.1411
9950x-windows-clang,contiguous_view_materialize,1024,1024,1048576,5,3039250.0,3025050.0,38562.724877788365,2956350.0,3046250.0,37097.99317967461,14250.0,1.215020203822464,2.1057671491817467,1.27477975166653,3039.25,3.03925
9950x-windows-clang,owning_axis0_sum,64,64,4096,5,19400.0,19400.0,70.71067811865476,19300.0,19500.0,1861.9991450928571,0.0,9.3992889706858,30.171455970211575,0.3644880315394575,19.4,0.0194
9950x-windows-clang,owning_axis0_sum,256,256,65536,5,271450.0,272190.0,2298.205821940237,269800.0,275750.0,3932.3488333232563,1450.0,1.4231655869578574,2.2199588338167886,0.8443388155113107,271.45,0.27145
9950x-windows-clang,owning_axis0_sum,1024,1024,1048576,5,4513500.0,4491740.0,149373.53932340228,4302000.0,4703400.0,48273.034049317124,36900.0,1.0266293084419296,11.09411577109684,3.3255161546171927,4513.5,4.5135
9950x-windows-clang,owning_axis1_sum,64,64,4096,5,19400.0,19360.0,114.0175425099138,19200.0,19500.0,252.20658846530185,0.0,1.2992546757228485,9.50929066254903,0.588933587344596,19.4,0.0194
9950x-windows-clang,owning_axis1_sum,256,256,65536,5,269750.0,269970.0,602.7022482121665,269350.0,270850.0,4803.604513959347,1550.0,1.764253845008832,3.0418819017549352,0.22324786021119628,269.75,0.26975
9950x-windows-clang,owning_axis1_sum,1024,1024,1048576,5,3854900.0,3838120.0,84388.57742609482,3710500.0,3919200.0,38558.73658909144,20300.0,1.0121556258400939,3.7970885132226755,2.1986956485491547,3854.9,3.8549
9950x-windows-clang,owning_iteration,64,64,4096,5,1500.0,1500.0,0.0,1500.0,1500.0,49.03143514780147,0.0,3.353723334322946,3.4438635743297183,0.0,1.5,0.0015
9950x-windows-clang,owning_iteration,256,256,65536,5,23000.0,23040.0,54.772255750516614,23000.0,23100.0,254.75077857324297,0.0,1.1056891431130338,1.5877389624140457,0.23772680447272837,23.0,0.023
9950x-windows-clang,owning_iteration,1024,1024,1048576,5,367200.0,367200.0,99.99999999999272,367100.0,367300.0,1905.8449301974135,200.0,0.5179207919445116,1.5808900008028168,0.027233115468407603,367.2,0.3672
9950x-windows-clang,owning_row_broadcast_add,64,64,4096,5,18300.0,18320.0,44.72135954999554,18300.0,18400.0,1221.407685702803,0.0,6.5950738968833855,7.900205359940046,0.24411222461787957,18.3,0.0183
9950x-windows-clang,owning_row_broadcast_add,256,256,65536,5,289400.0,289630.0,679.7058187186581,288800.0,290450.0,8396.768085740745,500.0,2.8724576100645676,3.161606208038238,0.23468073705025655,289.4,0.2894
9950x-windows-clang,owning_row_broadcast_add,1024,1024,1048576,5,5495900.0,5485940.0,40421.828879950466,5418200.0,5524850.0,87011.42791470038,31650.0,1.570141985616869,2.9734944334457203,0.7368259383068437,5495.9,5.4959
9950x-windows-clang,owning_scalar_add,64,64,4096,5,2100.0,2100.0,0.0,2100.0,2100.0,203.28927815368152,0.0,9.63456294567211,16.735875051394146,0.0,2.1,0.0021
9950x-windows-clang,owning_scalar_add,256,256,65536,5,78350.0,78060.0,993.9818911831333,76400.0,78850.0,9517.916295715408,2200.0,12.00070246056301,33.63819137119007,1.273356253117004,78.35,0.07835
9950x-windows-clang,owning_scalar_add,1024,1024,1048576,5,1214250.0,1215000.0,14493.317425627583,1195100.0,1231800.0,54302.783970426186,40250.0,4.477066226713127,5.000513416203268,1.1928656317388957,1214.25,1.21425
9950x-windows-clang,owning_to_tensor_copy,64,64,4096,5,400.0,400.0,0.0,400.0,400.0,52.83783431116265,0.0,13.479039365092513,15.399337677237652,0.0,0.4,0.0004
9950x-windows-clang,owning_to_tensor_copy,256,256,65536,5,6400.0,6880.0,1138.859078200635,6200.0,8900.0,7527.607962205063,100.0,97.7269802730275,110.67463068086583,16.55318427617202,6.4,0.0064
9950x-windows-clang,owning_to_tensor_copy,1024,1024,1048576,5,1039950.0,1027610.0,48019.44137534297,962300.0,1085900.0,55150.4468870084,35500.0,5.2859616813543076,16.403612301077132,4.6729246869282095,1039.95,1.03995
9950x-windows-clang,strided_view_axis1_sum,64,64,4096,5,28100.0,28180.0,164.31676725154998,28000.0,28400.0,824.333992148962,100.0,2.893212102165387,45.49352764079882,0.583097115867814,28.1,0.0281
9950x-windows-clang,strided_view_axis1_sum,256,256,65536,5,402050.0,402130.0,962.8083921528677,400750.0,403450.0,3580.708514999197,1400.0,0.8879272031361922,1.201404683124022,0.23942714847260033,402.05,0.40205
9950x-windows-clang,strided_view_axis1_sum,1024,1024,1048576,5,5827800.0,5821060.0,36496.29090743328,5782350.0,5869400.0,58957.53656969859,15800.0,1.0011046668385946,1.52603206519725,0.6269698458259025,5827.8,5.8278
9950x-windows-clang,strided_view_iteration,64,64,4096,5,9700.0,9720.0,44.721359549995924,9700.0,9800.0,621.5976781402805,0.0,6.335076214230336,13.778700535572346,0.46009629166662475,9.7,0.0097
9950x-windows-clang,strided_view_iteration,256,256,65536,5,154550.0,154490.0,227.48626332154652,154100.0,154700.0,1322.280034559971,950.0,0.854804532064524,2.1176506676174243,0.14724983061786945,154.55,0.15455
9950x-windows-clang,strided_view_iteration,1024,1024,1048576,5,2611100.0,2611320.0,6022.312678697445,2604600.0,2620950.0,15767.752677214212,6650.0,0.6039192814907868,0.8947351701118036,0.23062331229789707,2611.1,2.6111
9950x-windows-clang,strided_view_materialize,64,64,4096,5,9000.0,9020.0,44.721359549995924,9000.0,9100.0,97.8128158207068,100.0,1.078659195199678,7.3730880671008485,0.4958022123059415,9.0,0.009
9950x-windows-clang,strided_view_materialize,256,256,65536,5,141300.0,141340.0,386.32887544164,140950.0,141850.0,8122.660667941916,300.0,5.6626005046860906,7.196058581925537,0.27333300936864297,141.3,0.1413
9950x-windows-clang,strided_view_materialize,1024,1024,1048576,5,3059500.0,3057980.0,6104.567961780696,3049250.0,3063800.0,33536.53238010204,16000.0,1.0921020670706638,5.443040773205236,0.19962746524766992,3059.5,3.0595
9950x-windows-msvc,contiguous_view_iteration,64,64,4096,5,8700.0,8740.0,54.772255750516614,8700.0,8800.0,49.03143514780147,0.0,0.5660521259270546,2.859373314371368,0.6266848484040802,8.7,0.0087
9950x-windows-msvc,contiguous_view_iteration,256,256,65536,5,138500.0,138680.0,535.7238094391549,138200.0,139300.0,1690.308509457033,100.0,1.2188552851579413,5.8642019042324085,0.3863021412165813,138.5,0.1385
9950x-windows-msvc,contiguous_view_iteration,1024,1024,1048576,5,2207150.0,2208200.0,3133.488471336687,2204950.0,2213300.0,5018.547232669093,1200.0,0.2272120988192006,1.5115115844957085,0.14190238526114876,2207.15,2.20715
9950x-windows-msvc,contiguous_view_materialize,64,64,4096,5,17250.0,17420.0,926.4178322981481,16700.0,19000.0,2417.8089254529605,550.0,13.03120041744616,15.895251722467489,5.318127625132883,17.25,0.01725
9950x-windows-msvc,contiguous_view_materialize,256,256,65536,5,207200.0,209170.0,3375.944312336922,206600.0,214300.0,6142.491683480951,1100.0,2.894670915872267,3.299653250733476,1.6139715601362155,207.2,0.2072
9950x-windows-msvc,contiguous_view_materialize,1024,1024,1048576,5,2978450.0,2988650.0,19741.928730496435,2971000.0,3017050.0,40262.213053929365,13450.0,1.3504257012848586,1.7070218554279117,0.6605634226321728,2978.45,2.97845
9950x-windows-msvc,owning_axis0_sum,64,64,4096,5,35000.0,35080.0,697.8538528947154,34400.0,36100.0,1948.187016962495,400.0,5.548070928334031,11.734580822442478,1.9893211313988464,35.0,0.035
9950x-windows-msvc,owning_axis0_sum,256,256,65536,5,292150.0,294290.0,6850.127736035288,288400.0,306100.0,4609.208174947189,1750.0,1.5674166762837984,2.70541409204195,2.327679410117669,292.15,0.29215
9950x-windows-msvc,owning_axis0_sum,1024,1024,1048576,5,4528550.0,4427870.0,242618.9466014557,4156300.0,4678750.0,126137.89391627186,63350.0,2.9394446422629845,8.340566354174724,5.479360202568181,4528.55,4.52855
9950x-windows-msvc,owning_axis1_sum,64,64,4096,5,34800.0,34780.0,460.43457732885355,34200.0,35400.0,828.6108365012776,200.0,2.4118373399152335,27.434038806193772,1.3238486984728395,34.8,0.0348
9950x-windows-msvc,owning_axis1_sum,256,256,65536,5,290950.0,291920.0,3003.040126272047,289200.0,296900.0,5089.350225155045,1600.0,1.7422598952302697,4.667069386655095,1.0287202405700353,290.95,0.29095
9950x-windows-msvc,owning_axis1_sum,1024,1024,1048576,5,3628300.0,3645390.0,40506.332838211885,3621900.0,3717250.0,30647.85700135509,9400.0,0.84385700734868,1.0546194769530095,1.1111659613432825,3628.3,3.6283
9950x-windows-msvc,owning_iteration,64,64,4096,5,1500.0,1500.0,0.0,1500.0,1500.0,46.29100498862757,0.0,3.149047958410039,42.64497963767239,0.0,1.5,0.0015
9950x-windows-msvc,owning_iteration,256,256,65536,5,23200.0,23230.0,67.08203932499377,23150.0,23300.0,94.35062700547638,0.0,0.40714001469524636,1.8847311932966262,0.28877330746876356,23.2,0.0232
9950x-windows-msvc,owning_iteration,1024,1024,1048576,5,368050.0,368060.0,545.8937625582472,367350.0,368750.0,2101.093981326715,650.0,0.5687301674245918,1.5827474520821234,0.14831651430697365,368.05,0.36805
9950x-windows-msvc,owning_row_broadcast_add,64,64,4096,5,26000.0,26630.0,1025.6705123966467,25800.0,27800.0,2457.308964485088,200.0,8.738652078538719,22.325608121002915,3.8515603169231944,26.0,0.026
9950x-windows-msvc,owning_row_broadcast_add,256,256,65536,5,350050.0,350270.0,1825.7190364346914,348150.0,353200.0,5864.644673196932,1700.0,1.6788169057506703,3.495566996800844,0.5212319172166304,350.05,0.35005
9950x-windows-msvc,owning_row_broadcast_add,1024,1024,1048576,5,5279650.0,5278890.0,15834.906062241103,5256650.0,5294250.0,34636.76830143579,20600.0,0.6544638237024651,0.9528313615262121,0.29996658506316864,5279.65,5.27965
9950x-windows-msvc,owning_scalar_add,64,64,4096,5,8100.0,8140.0,204.3281674170255,7850.0,8400.0,918.9967910938625,200.0,11.147462288862961,20.709591241165086,2.510174046892205,8.1,0.0081
9950x-windows-msvc,owning_scalar_add,256,256,65536,5,83150.0,83960.0,3376.2775359854522,79650.0,88200.0,5678.15326402836,3800.0,6.783772507261905,14.054702223843856,4.021292920420977,83.15,0.08315
9950x-windows-msvc,owning_scalar_add,1024,1024,1048576,5,973250.0,975810.0,7364.39067404765,967050.0,983650.0,33283.446642560375,23300.0,3.3978094812915622,3.7280710802925374,0.7546951429118014,973.25,0.97325
9950x-windows-msvc,owning_to_tensor_copy,64,64,4096,5,8400.0,8800.0,659.545297913646,8200.0,9700.0,1586.941609974793,200.0,17.976230289700872,20.70360265363674,7.494832930836886,8.4,0.0084
9950x-windows-msvc,owning_to_tensor_copy,256,256,65536,5,78800.0,78470.0,3056.264059272366,74200.0,82150.0,6860.448310453783,2150.0,8.734751229219759,8.987295866778757,3.8948184774721115,78.8,0.0788
9950x-windows-msvc,owning_to_tensor_copy,1024,1024,1048576,5,1029900.0,1030670.0,7225.787154352103,1022900.0,1041600.0,40641.32555487263,7800.0,3.9255526942740024,5.6287391365904025,0.7010766932531366,1029.9,1.0299
9950x-windows-msvc,strided_view_axis1_sum,64,64,4096,5,43600.0,43510.0,397.4921382870355,42900.0,44000.0,1017.4879029517065,250.0,2.3300538219101092,7.815814760371187,0.9135650155987945,43.6,0.0436
9950x-windows-msvc,strided_view_axis1_sum,256,256,65536,5,425900.0,426590.0,3253.1523173684914,423200.0,432000.0,9741.708352884163,2450.0,2.2495262397667193,4.2014779822084085,0.7625946031009849,425.9,0.4259
9950x-windows-msvc,strided_view_axis1_sum,1024,1024,1048576,5,5626900.0,5635290.0,31919.848840494218,5598050.0,5684150.0,38122.977376926276,21450.0,0.6765789462116717,1.877341913076191,0.5664277941418138,5626.9,5.6269
9950x-windows-msvc,strided_view_iteration,64,64,4096,5,8700.0,8740.0,54.772255750516614,8700.0,8800.0,47.85181206984065,0.0,0.5521787684034232,3.6471840905766175,0.6266848484040802,8.7,0.0087
9950x-windows-msvc,strided_view_iteration,256,256,65536,5,138500.0,138690.0,665.5824516917506,138100.0,139600.0,2934.818424310688,100.0,2.116740540296786,6.733824731789889,0.4799065914570269,138.5,0.1385
9950x-windows-msvc,strided_view_iteration,1024,1024,1048576,5,2207750.0,2208670.0,3119.4150092605505,2206200.0,2214050.0,4135.429795297791,1300.0,0.18717298124471768,0.4124134429285763,0.1412349970462111,2207.75,2.20775
9950x-windows-msvc,strided_view_materialize,64,64,4096,5,17600.0,18450.0,1637.0705543744898,17000.0,20350.0,4360.632794371356,1050.0,20.836357006743864,39.768386542795504,8.873011134821084,17.6,0.0176
9950x-windows-msvc,strided_view_materialize,256,256,65536,5,207950.0,208780.0,4111.508239077234,203750.0,214450.0,3928.9797190432355,1750.0,1.863700914087752,6.030942782627279,1.9693017717584222,207.95,0.20795
9950x-windows-msvc,strided_view_materialize,1024,1024,1048576,5,2989000.0,2999960.0,18882.28005300207,2981650.0,3020850.0,38240.886816204926,12250.0,1.2774973530696616,2.7783934610344474,0.6294177273364334,2989.0,2.989
laptop-debian-clang,contiguous_view_iteration,64,64,4096,5,47862.5,51180.9,13384.952210411511,35075.5,68684.5,2001.9662412289595,63.5,4.1606353227455495,19.650477124303464,26.1522407976638,47.8625,0.0478625
laptop-debian-clang,contiguous_view_iteration,256,256,65536,5,561145.5,664078.0,154571.10615748985,560346.5,906854.5,58748.53049624097,9137.5,6.531155546983114,23.110476091775052,23.27604681339991,561.1455,0.5611455
laptop-debian-clang,contiguous_view_iteration,1024,1024,1048576,5,8854562.0,9389237.7,1295169.4473400284,8696179.5,11700126.0,147137.10579234926,88264.0,1.6835405523610145,4.961202817097708,13.794191698225175,8854.562,8.854562
laptop-debian-clang,contiguous_view_materialize,64,64,4096,5,48711.0,48560.6,8924.025614878075,35672.0,57166.5,1117.3886227654702,135.0,3.213673877993818,28.268284723872483,18.37709092325481,48.711,0.048711
laptop-debian-clang,contiguous_view_materialize,256,256,65536,5,628341.5,681699.7,156192.88325880922,555334.5,925201.5,58874.832472454575,40803.5,7.340844465469065,20.72308093579533,22.912271086346266,628.3415,0.6283415
laptop-debian-clang,contiguous_view_materialize,1024,1024,1048576,5,9243221.5,10261343.4,2543993.838412949,8964837.0,14806567.5,190504.32691738344,146837.5,2.1198841729317253,24.920167907178374,24.792015423759707,9243.2215,9.2432215
laptop-debian-clang,owning_axis0_sum,64,64,4096,5,90196.0,86867.5,18129.13291500727,61155.0,105155.5,17274.639028202408,1203.0,17.540803340293536,22.262644275342012,20.8698683800124,90.196,0.090196
laptop-debian-clang,owning_axis0_sum,256,256,65536,5,957374.5,892974.9,200322.85759162632,673571.5,1150618.0,38670.562522198525,15186.5,5.589926489300343,11.64891042628474,22.43320138019852,957.3745,0.9573745
laptop-debian-clang,owning_axis0_sum,1024,1024,1048576,5,17761826.5,18415570.7,2567709.752650662,16631568.0,22891209.5,3089094.396085852,1968560.0,14.160290876536466,19.261901070360256,13.943145148635889,17761.8265,17.7618265
laptop-debian-clang,owning_axis1_sum,64,64,4096,5,91854.5,87783.4,18676.777942139808,61254.5,106144.5,17869.717054918838,1029.5,16.34927924106948,41.22651221855938,21.275979219464965,91.8545,0.0918545
laptop-debian-clang,owning_axis1_sum,256,256,65536,5,908258.5,870690.0,196796.06051379687,663336.5,1130434.5,33328.822903931556,22066.5,4.9043191234310415,11.79588717872809,22.602310869976325,908.2585,0.9082585
laptop-debian-clang,owning_axis1_sum,1024,1024,1048576,5,13674379.0,14552437.2,1957781.0531331957,13634842.5,18053690.0,1760814.7414128962,853131.0,13.576088620600913,14.868093989936733,13.453286389259908,13674.379,13.674379
laptop-debian-clang,owning_iteration,64,64,4096,5,6882.5,7452.4,2604.553738167059,5508.0,11844.0,862.0705262592487,12.5,11.677786201010122,49.574099327968575,34.949194060531624,6.8825,0.0068825
laptop-debian-clang,owning_iteration,256,256,65536,5,87650.0,104292.3,23553.13622057581,87638.5,137641.0,20297.440929087486,19.0,14.72692969891276,36.04656394511103,22.58377293489146,87.65,0.08765
laptop-debian-clang,owning_iteration,1024,1024,1048576,5,1401596.5,1505001.1,189464.91097773227,1329516.0,1770540.0,37619.425459901184,21773.5,2.7454802195493193,12.063738930626798,12.589021428471531,1401.5965,1.4015965
laptop-debian-clang,owning_row_broadcast_add,64,64,4096,5,100688.0,113192.9,39143.51332500699,73561.0,174938.5,4723.634528363834,519.0,6.4037264442358675,22.346065663401223,34.58124434041975,100.688,0.100688
laptop-debian-clang,owning_row_broadcast_add,256,256,65536,5,1605079.5,1560051.0,249252.2434595625,1189976.5,1878719.0,133618.9487149566,50326.0,8.307166385282036,17.47307055163324,15.977185583007383,1605.0795,1.6050795
laptop-debian-clang,owning_row_broadcast_add,1024,1024,1048576,5,18690140.0,20099991.8,3351569.9846150014,18486122.0,26092291.0,240464.66934771204,177354.5,1.2926240565290115,22.008816065904256,16.674484337923964,18690.14,18.69014
laptop-debian-clang,owning_scalar_add,64,64,4096,5,2971.0,4841.4,4842.939053405484,2042.0,13460.5,354.5908069989453,42.5,12.505199260483199,83.42321305753595,100.03178942879094,2.971,0.002971
laptop-debian-clang,owning_scalar_add,256,256,65536,5,65318.5,64968.7,10201.532909322992,50193.5,79028.5,15187.301305917872,4626.0,21.19115412276247,34.21388413688326,15.702227240691274,65.3185,0.0653185
laptop-debian-clang,owning_scalar_add,1024,1024,1048576,5,1517601.5,1721540.3,451331.3712537884,1486620.0,2526546.5,263494.7940746907,29217.0,10.282607944216961,36.34371587946395,26.2167183221786,1517.6015,1.5176015
laptop-debian-clang,owning_to_tensor_copy,64,64,4096,5,2379.5,3008.9,1986.3594022734153,1708.0,6502.5,335.93013364965867,119.5,13.157838126876506,102.35882806504932,66.01613221687046,2.3795,0.0023795
laptop-debian-clang,owning_to_tensor_copy,256,256,65536,5,47859.5,54898.8,12902.295307424954,44316.5,69742.5,12479.581328158507,3688.5,21.066372180033134,26.957533763139136,23.501962351499404,47.8595,0.0478595
laptop-debian-clang,owning_to_tensor_copy,1024,1024,1048576,5,868934.0,973802.2,237706.98762988645,854600.5,1398619.0,17358.952893571215,12271.5,1.9894747336448626,5.503991852659308,24.410192093413475,868.934,0.868934
laptop-debian-clang,strided_view_axis1_sum,64,64,4096,5,143022.5,132306.3,25113.074629065235,94872.5,156675.5,10894.255636764894,1062.0,8.690603612446859,18.12844377551397,18.98101196168681,143.0225,0.1430225
laptop-debian-clang,strided_view_axis1_sum,256,256,65536,5,1656857.5,1566294.0,276714.57919713954,1247742.5,1901166.0,164719.15996141892,92673.0,9.766686818847285,11.048259950668092,17.666835166139915,1656.8575,1.6568575
laptop-debian-clang,strided_view_axis1_sum,1024,1024,1048576,5,22489565.0,23876571.2,3133989.62513181,22255191.5,29473977.0,1764797.8940089755,737210.0,8.116417758165309,8.940749163052814,13.125794314770832,22489.565,22.489565
laptop-debian-clang,strided_view_iteration,64,64,4096,5,47911.0,49526.1,10953.66328791423,35038.5,60550.5,1357.9239437990836,58.5,3.9744355833149925,19.555168466337886,22.116951037764395,47.911,0.047911
laptop-debian-clang,strided_view_iteration,256,256,65536,5,561492.0,643730.9,148471.32977337745,526527.5,887357.5,67883.23039426465,750.5,9.71329992462458,22.82511487762313,23.064191849944976,561.492,0.561492
laptop-debian-clang,strided_view_iteration,1024,1024,1048576,5,9189174.0,9833606.0,1523045.9598506868,8906868.0,12540925.0,244637.722541378,177335.5,2.626069002663844,9.491527535790581,15.488173512856696,9189.174,9.189174
laptop-debian-clang,strided_view_materialize,64,64,4096,5,48844.0,47866.4,8206.585125678037,35725.0,57182.5,6766.206548483035,88.5,14.797485660005528,19.281415944793014,17.144771960452506,48.844,0.048844
laptop-debian-clang,strided_view_materialize,256,256,65536,5,750026.0,717260.7,147338.83454922875,556211.0,904185.5,17235.015797687294,8069.5,3.0566755902867526,12.794146675756965,20.54188031621261,750.026,0.750026
laptop-debian-clang,strided_view_materialize,1024,1024,1048576,5,9442981.5,10022686.0,1392766.446204325,9319711.0,12511341.0,254256.03604969635,167737.0,2.6954193834933418,6.68388494194303,13.896139679566186,9442.9815,9.4429815
laptop-debian-gcc,contiguous_view_iteration,64,64,4096,5,66035.5,71824.9,10732.676759550714,61849.5,88164.0,11283.123379360768,18.0,16.413892928066197,20.7071958529483,14.942835645508332,66.0355,0.0660355
laptop-debian-gcc,contiguous_view_iteration,256,256,65536,5,917788.5,1006168.6,256516.29437386626,865034.0,1462667.5,27165.004894127283,6822.5,3.024757790503886,6.69965194013055,25.494364898076356,917.7885,0.9177885
laptop-debian-gcc,contiguous_view_iteration,1024,1024,1048576,5,14270816.0,14568521.8,680248.9277474642,14231557.5,15784719.5,208851.30809131032,145172.0,1.462024864715072,1.9105901184617313,4.669306447737643,14270.816,14.270816
laptop-debian-gcc,contiguous_view_materialize,64,64,4096,5,62342.0,67749.4,12037.871585126666,57576.5,87663.5,11974.016382354668,585.0,16.3559259653653,20.36051390135184,17.76823349745779,62.342,0.062342
laptop-debian-gcc,contiguous_view_materialize,256,256,65536,5,901121.5,1005416.1,252494.15623198095,879190.5,1456491.5,27989.896169175485,27375.5,3.1182097966043454,5.183135562352321,25.113398943181924,901.1215,0.9011215
laptop-debian-gcc,contiguous_view_materialize,1024,1024,1048576,5,14508524.5,14768294.4,664884.4285650701,14340469.5,15945557.5,201191.3819368686,130443.0,1.3909063790317513,2.3555581031588986,4.502107085331873,14508.5245,14.5085245
laptop-debian-gcc,owning_axis0_sum,64,64,4096,5,98603.5,102614.4,17151.704741803365,80589.5,127112.0,14704.708407909102,1054.0,14.506096733867679,20.723940508930617,16.714715226911007,98.6035,0.0986035
laptop-debian-gcc,owning_axis0_sum,256,256,65536,5,1044925.5,1136364.1,239022.9847269923,983290.5,1561181.5,39265.479152449276,11776.0,3.8248288413279687,10.457039052055618,21.03401407409758,1044.9255,1.0449255
laptop-debian-gcc,owning_axis0_sum,1024,1024,1048576,5,20686056.0,21141147.0,1619772.5349410565,19655709.5,23755544.0,2378284.1433929563,1467039.5,11.292294773355446,12.582561374842077,7.661706032038169,20686.056,20.686056
laptop-debian-gcc,owning_axis1_sum,64,64,4096,5,98979.5,101790.5,18363.84317415611,80464.5,131313.5,13411.166733337848,1090.0,12.908812547754456,19.45883741319764,18.040822251738728,98.9795,0.0989795
laptop-debian-gcc,owning_axis1_sum,256,256,65536,5,1030783.5,1156392.0,311678.69936783455,980345.0,1712412.5,40230.68987983869,30904.0,3.908873515378718,8.449390392413214,26.95268553983723,1030.7835,1.0307835
laptop-debian-gcc,owning_axis1_sum,1024,1024,1048576,5,18631167.5,19064632.6,1001209.2850527301,18530068.5,20848824.5,1709131.7618172916,963412.5,9.487647542375088,9.932324215619689,5.2516579052917605,18631.1675,18.6311675
laptop-debian-gcc,owning_iteration,64,64,4096,5,11843.5,10029.3,4358.339113125549,5169.0,13816.0,4028.400580014508,12.5,51.08591903680036,67.49341221260615,43.45606486121215,11.8435,0.0118435
laptop-debian-gcc,owning_iteration,256,256,65536,5,87656.5,95956.4,24820.470322900812,82188.5,140086.5,2705.8532898371354,34.0,3.2041984259938476,19.50261786485739,25.8664042449496,87.6565,0.0876565
laptop-debian-gcc,owning_iteration,1024,1024,1048576,5,1366159.5,1364257.9,26678.269784133325,1332345.5,1401715.0,42177.324126562875,32502.0,3.1086266949862154,16.153864255148644,1.9555151400723665,1366.1595,1.3661595
laptop-debian-gcc,owning_row_broadcast_add,64,64,4096,5,164516.0,163114.8,23008.71958247568,128540.0,193371.5,28984.408024083063,806.0,15.575306127560232,22.726497910093375,14.105844216757573,164.516,0.164516
laptop-debian-gcc,owning_row_broadcast_add,256,256,65536,5,1319770.0,1684860.4,745384.989305057,1186872.0,2946244.0,334108.44982724654,101266.5,23.407794568136662,25.87878759694095,44.24016312004585,1319.77,1.31977
laptop-debian-gcc,owning_row_broadcast_add,1024,1024,1048576,5,29978560.0,30581726.9,1446991.613277156,29798552.5,33166174.5,351918.9822491958,251755.5,1.1799637185093206,1.3636688915870803,4.731556259097834,29978.56,29.97856
laptop-debian-gcc,owning_scalar_add,64,64,4096,5,11816.5,10968.3,7218.279457391492,3452.5,18007.0,6436.9350139548205,54.5,37.41728185687487,103.11568896064394,65.81037587767923,11.8165,0.0118165
laptop-debian-gcc,owning_scalar_add,256,256,65536,5,112393.0,121618.5,21798.229661488564,102141.0,158325.5,16012.894565866316,1677.0,13.04372546899277,21.408039133211762,17.923448867967096,112.393,0.112393
laptop-debian-gcc,owning_scalar_add,1024,1024,1048576,5,1550235.0,1588217.8,98539.16376535269,1531397.5,1763068.0,30937.547472346178,25380.0,1.989278844964919,19.88655286490965,6.2043860587227195,1550.235,1.550235
laptop-debian-gcc,owning_to_tensor_copy,64,64,4096,5,6434.5,5028.1,2861.7961012273395,1734.0,7431.0,216.85142567280144,24.0,10.75491869626551,106.73481684047658,56.916053802178546,6.4345,0.0064345
laptop-debian-gcc,owning_to_tensor_copy,256,256,65536,5,48383.0,51685.2,11312.486688389958,43906.5,71469.0,3098.7732935627864,1376.5,6.497133518510603,21.14692884805905,21.887284345208993,48.383,0.048383
laptop-debian-gcc,owning_to_tensor_copy,1024,1024,1048576,5,856161.5,858854.0,5377.059733255713,854274.0,865121.5,8046.727883190934,2430.5,0.9392854711951121,20.34962005542143,0.6260737835832065,856.1615,0.8561615
laptop-debian-gcc,strided_view_axis1_sum,64,64,4096,5,136169.0,152768.2,36713.17823105213,133210.0,218046.5,14819.31179691843,1044.5,10.740516775421332,17.62806850700892,24.031950517877494,136.169,0.136169
laptop-debian-gcc,strided_view_axis1_sum,256,256,65536,5,1894618.5,2131338.5,522591.215857696,1877182.0,3065308.5,55881.36811452838,39308.0,2.9355399119761127,7.201520895434004,24.5193907892949,1894.6185,1.8946185
laptop-debian-gcc,strided_view_axis1_sum,1024,1024,1048576,5,32333626.0,33045274.9,1651406.7104702133,32143229.0,35992566.0,1717062.2847677816,783043.5,5.424539839528009,5.876623366530649,4.997406483884973,32333.626,32.333626
laptop-debian-gcc,strided_view_iteration,64,64,4096,5,66031.5,70387.4,15134.555078528078,57650.0,93454.5,12410.082170541493,464.5,18.338515691294464,19.717478166400262,21.50179588751407,66.0315,0.0660315
laptop-debian-gcc,strided_view_iteration,256,256,65536,5,909172.0,1003624.5,246372.11525530848,864656.0,1442765.5,27174.210075926996,19710.5,3.0225038404351645,6.136446075495617,24.548236442544844,909.172,0.909172
laptop-debian-gcc,strided_view_iteration,1024,1024,1048576,5,14380605.5,14641075.8,625633.1951598715,14316717.5,15758682.5,225959.4449051973,153376.5,1.5698013263508614,2.4453790751424838,4.273136781109155,14380.6055,14.3806055
laptop-debian-gcc,strided_view_materialize,64,64,4096,5,61297.0,66953.7,14947.093946650635,54406.0,91554.5,10179.25446051118,52.5,15.127595137594588,18.02584234575386,22.32452268754473,61.297,0.061297
laptop-debian-gcc,strided_view_materialize,256,256,65536,5,928447.5,1014433.2,242302.0027980578,878114.5,1445948.0,26667.83561717167,11411.5,2.9584245838446375,5.575345045406223,23.88545670607565,928.4475,0.9284475
laptop-debian-gcc,strided_view_materialize,1024,1024,1048576,5,14554698.0,14839113.7,662662.89204227,14487623.5,16022740.5,221193.23664438288,155694.5,1.5181962304603536,2.143054048974254,4.465650074790316,14554.698,14.554698
